sample_key,group,asserted_identity,task,annotator,outcome,proposed_label,note
after_4_bis/1182/1182.3.jpg,1,1182,identity_group,,,,
after_4_bis/150/150.5.jpg,1,150,identity_group,,,,
after_4_bis/1182/1182.4.jpg,2,1182,identity_group,,,,
after_4_bis/150/150.6.jpg,2,150,identity_group,,,,
after_4_bis/1381/1381.2.jpg,3,1381,identity_group,,,,
after_4_bis/451/451.2.jpg,3,451,identity_group,,,,
after_4_bis/278/278.0.jpg,4,278,identity_group,,,,
after_4_bis/959/959.0.jpg,4,959,identity_group,,,,
after_4_bis/278/278.1.jpg,5,278,identity_group,,,,
after_4_bis/959/959.1.jpg,5,959,identity_group,,,,
after_4_bis/278/278.3.jpg,6,278,identity_group,,,,
after_4_bis/959/959.3.jpg,6,959,identity_group,,,,
after_4_bis/342/342.1.jpg,7,342,identity_group,,,,
after_4_bis/877/877.0.jpg,7,877,identity_group,,,,
after_4_bis/463/463.0.jpg,8,463,identity_group,,,,
after_4_bis/824/824.0.jpg,8,824,identity_group,,,,
after_4_bis/463/463.3.jpg,9,463,identity_group,,,,
after_4_bis/824/824.2.jpg,9,824,identity_group,,,,
after_4_bis/463/463.4.jpg,10,463,identity_group,,,,
after_4_bis/824/824.3.jpg,10,824,identity_group,,,,
after_4_bis/783/783.1.jpg,11,783,identity_group,,,,
after_4_bis/783/783.3.jpg,11,783,identity_group,,,,
after_4_bis/933/933.2.jpg,11,933,identity_group,,,,
after_4_bis/101/101.6.jpg,12,101,identity_group,,,,
after_4_bis/818/818.2.jpg,12,818,identity_group,,,,
